id,palabra,valencia_m,valencia_sd,activacion_m,activacion_sd,dominancia_m,dominancia_sd,word,categoria_palabra
1,"abandonado",1.68,1.00,5.88,2.21,3.11,2.03,"derelict",1
2,"abejas",3.18,1.85,6.59,2.05,3.42,2.32,"bees",1
3,"aborto",2.80,2.13,6.07,1.87,4.17,2.37,"abortion",1
4,"abrasador",2.46,1.58,6.00,2.16,4.00,2.19,"scorching",1
5,"abrazo",8.13,1.34,5.70,2.57,6.12,2.16,"hug",1
6,"abrumado",2.90,1.81,5.36,2.14,3.84,2.17,"overwhelmed",1
7,"absurdo",3.80,1.88,4.90,1.81,4.44,1.65,"absurd",1
8,"abundancia",6.80,1.75,5.40,2.21,5.68,1.80,"abundance",1
9,"aburrido",2.33,1.68,2.90,1.94,4.78,2.24,"bored",1
10,"accidente",1.32,0.82,7.58,1.83,2.62,2.29,"accident",1
11,"ácido",3.41,2.04,5.57,1.73,4.29,1.92,"sour",1
12,"acogedor",7.64,1.47,4.37,2.62,6.08,2.16,"cozy",1
13,"acontecimiento",5.99,1.69,5.81,1.99,5.01,1.65,"event",1
14,"acre",4.23,1.57,4.19,1.65,4.50,1.84,"pungent",1
15,"activar",6.00,1.41,6.50,1.95,5.82,1.73,"activate",1
16,"acuerdo",7.24,1.86,4.83,2.20,6.22,1.93,"agreement",1
17,"adicto",2.41,1.73,5.77,2.06,3.28,2.33,"addict",1
18,"admirado",7.33,1.50,6.53,1.96,5.48,2.18,"admired",1
19,"adorable",7.48,1.41,5.24,2.38,5.76,1.92,"adorable",1
20,"adulto",5.68,1.36,4.90,1.81,5.16,2.11,"adult",1
21,"afectar",3.48,1.90,5.61,2.00,3.77,1.97,"impair",1
22,"afecto",8.10,1.28,6.19,2.22,5.83,2.39,"affection",1
23,"afianzar",5.93,1.69,5.46,1.75,5.66,1.90,"secure",1
24,"afligido",1.96,1.31,4.41,2.31,3.93,2.10,"distressed",1
25,"afortunado",7.71,1.50,6.26,2.01,5.28,2.53,"lucky",1
26,"agilidad",6.73,1.59,5.97,2.06,5.82,1.88,"agility",1
27,"agobiado",2.06,1.49,6.73,2.33,3.48,2.18,"burdened",1
28,"agonía",1.74,1.10,6.20,2.38,2.94,2.25,"agony",1
29,"agradecido",7.84,1.20,5.50,2.16,5.79,1.91,"grateful",1
30,"agresión",1.67,1.22,6.88,2.02,3.72,2.42,"assault",1
31,"agresivo",1.96,1.23,6.94,1.82,3.69,2.31,"aggressive",1
32,"agua",7.47,1.59,4.80,2.60,5.72,2.11,"water",1
33,"aguanieve",5.11,1.97,4.79,1.97,4.21,1.97,"slush",1
34,"aguja",3.18,1.74,5.66,2.23,4.43,2.14,"needle",1
35,"ahorrar",6.40,1.85,4.94,1.93,6.09,2.35,"save",1
36,"aire",6.83,2.14,4.19,2.43,4.60,2.64,"air",1
37,"alba",7.48,1.54,4.18,2.69,4.46,2.75,"dawn",1
38,"alcohólico",2.01,1.58,5.70,2.31,3.51,2.52,"alcoholic",1
39,"alegre",8.41,0.97,7.66,1.65,6.37,2.17,"merry",1
40,"alergia",4.01,2.92,5.84,2.11,4.11,2.31,"allergy",1
41,"alerta",3.69,1.69,7.58,1.58,4.17,2.39,"alert",1
42,"almohada",6.79,2.04,3.10,2.13,6.29,2.35,"pillow",1
43,"amabilidad",8.22,0.86,5.26,2.29,6.24,1.74,"kindness",1
44,"amable",7.81,1.20,4.92,2.34,6.22,2.11,"kind",1
45,"amado",7.99,1.46,6.43,2.67,5.79,2.35,"loved",1
46,"amanecer",8.01,1.03,4.08,2.64,4.50,2.86,"sunrise",1
47,"amarillo",5.67,1.77,4.84,2.16,5.17,1.67,"yellow",1
48,"ambición",5.01,1.99,6.42,1.66,5.60,2.16,"ambition",1
49,"ambulancia",2.34,1.68,7.44,1.48,3.58,2.24,"ambulance",1
50,"amenaza",1.99,1.49,7.10,1.80,2.86,1.88,"menace",1
51,"amigable",8.14,0.89,5.08,2.48,6.24,1.98,"friendly",1
52,"amigo",8.41,1.07,6.73,2.31,6.04,2.04,"friend",1
53,"amor",8.50,1.30,7.46,2.40,4.86,2.87,"love",1
54,"ampolla",2.54,1.55,4.99,1.89,4.33,2.02,"blister",1
55,"ángel",6.87,1.88,4.86,1.99,4.49,2.34,"angel",1
56,"angustiado",1.67,1.08,5.89,2.61,3.33,2.13,"anguished",1
57,"anhelo",4.42,2.30,5.27,2.15,4.39,2.02,"desire",1
58,"ánimo",7.36,1.81,6.72,1.82,6.19,2.18,"cheer",1
59,"ansioso",3.63,2.32,7.70,1.58,3.14,2.04,"anxious",1
60,"aplastado",2.28,1.53,5.59,2.55,3.21,1.87,"crushed",1
61,"aplausos",7.67,1.49,7.39,1.58,6.36,2.47,"applause",1
62,"aprender",7.13,1.40,6.00,2.17,6.33,1.90,"learn",1
63,"aprobación",7.11,1.76,5.94,2.24,5.81,2.14,"acceptance",1
64,"apuros",2.61,1.44,6.86,1.81,3.68,2.15,"hardship",1
65,"araña",3.07,2.07,6.40,1.89,4.02,2.14,"spider",1
66,"árbol",6.53,1.68,4.18,2.01,5.07,2.01,"tree",1
67,"arcoíris",7.39,1.58,4.81,2.53,3.73,2.40,"rainbow",1
68,"arma",1.81,1.33,6.26,2.44,2.90,2.19,"weapon",1
69,"armario",5.10,1.35,4.31,1.57,5.16,1.59,"cabinet",1
70,"arrepentido",4.50,2.39,5.14,2.15,4.93,2.25,"repentant",1
71,"arrogante",2.07,1.17,5.83,1.83,4.14,1.80,"arrogant",1
72,"arte",7.09,1.59,5.31,2.20,4.92,1.80,"art",1
73,"as",6.41,2.21,5.51,2.28,5.17,2.27,"ace",1
74,"ascensor",4.99,1.80,4.71,1.63,4.73,1.90,"elevator",1
75,"asediado",2.40,1.42,6.18,1.79,3.51,1.92,"embattled",1
76,"asesinar",1.18,0.55,7.44,2.15,2.72,2.46,"assassin",1
77,"asesino",1.23,0.52,7.49,2.13,2.16,1.86,"killer",1
78,"asiento",5.70,1.49,4.00,1.79,5.77,1.74,"seat",1
79,"asombrado",5.52,1.82,5.96,1.72,4.26,1.83,"astonished",1
80,"áspero",3.27,1.81,4.53,1.79,4.39,2.14,"rough",1
81,"asqueado",1.81,1.24,5.58,2.32,4.32,2.19,"disgusted",1
82,"asqueroso",1.86,1.12,6.13,1.87,4.12,1.89,"nasty",1
83,"astronauta",5.67,1.48,5.38,1.73,3.93,1.78,"astronaut",1
84,"asustado",2.54,1.54,6.56,2.26,3.12,1.90,"scared",1
85,"ataúd",1.63,1.28,6.06,2.49,2.81,2.14,"coffin",1
86,"aterrorizado",1.96,1.41,6.79,2.55,2.64,2.25,"terrified",1
87,"ático",6.74,1.56,5.00,2.17,4.99,2.23,"penthouse",1
88,"atracador",2.02,1.62,7.32,1.83,2.34,1.58,"robber",1
89,"atrevido",6.51,1.81,6.71,1.76,5.38,2.07,"bold",1
90,"atrocidad",1.74,1.27,6.68,1.72,3.22,2.10,"outrage",1
91,"aurora",7.29,1.66,4.92,2.38,4.87,2.43,"daylight",1
92,"autobús",4.51,1.49,5.00,2.00,4.43,1.97,"bus",1
93,"avalancha",2.46,1.37,7.20,1.71,2.48,1.59,"avalanche",1
94,"avaricia",2.44,1.79,5.54,1.94,4.14,1.88,"greed",1
95,"avenida",4.86,1.70,5.01,1.92,4.16,2.02,"avenue",1
96,"aventura",7.76,1.26,7.62,1.55,5.48,2.65,"adventure",1
97,"avergonzado",2.51,1.50,5.59,2.19,3.44,1.91,"shamed",1
98,"avión",6.13,1.94,6.07,1.90,4.96,2.36,"plane",1
99,"avispa",2.54,1.86,7.01,2.00,3.12,2.10,"wasp",1
100,"azúcar",6.68,1.87,5.59,1.92,5.67,2.02,"sugar",1
101,"azul",7.01,1.95,3.99,2.25,5.39,1.98,"blue",1
102,"bailarín",7.14,1.77,6.52,2.29,5.43,2.38,"dancer",1
103,"bala",2.01,1.50,7.18,1.83,3.59,2.50,"bullet",1
104,"bancarrota",1.63,1.09,6.11,2.61,2.69,1.95,"bankrupt",1
105,"banco",5.14,1.83,4.38,1.83,5.09,1.95,"bench",1
106,"bandera",4.92,1.80,4.36,1.92,5.04,1.85,"flag",1
107,"bañera",6.76,1.69,3.66,2.10,5.94,1.97,"bathtub",1
108,"baño",7.21,1.52,4.08,2.55,6.59,2.09,"bath",1
109,"bar",6.53,1.74,6.02,1.56,5.32,2.00,"bar",1
110,"barco",6.00,1.79,5.08,1.97,5.02,1.99,"ship",1
111,"barril",4.73,1.71,4.12,1.85,4.90,1.95,"barrel",1
112,"bastardo",2.89,1.65,5.30,1.79,4.20,2.06,"bastard",1
113,"basto",3.07,1.82,4.57,2.05,4.66,1.96,"coarse",1
114,"bastón",3.83,1.78,4.09,2.05,5.19,2.31,"cane",1
115,"basura",2.06,1.50,4.31,2.15,4.42,2.24,"trash",1
116,"bebé",7.60,1.88,5.54,2.35,5.31,2.21,"baby",1
117,"bebida",6.26,1.95,5.62,2.32,5.39,2.41,"beverage",1
118,"belleza",7.47,1.54,5.76,2.10,5.13,2.07,"beauty",1
119,"bendecir",5.70,2.24,4.37,2.15,4.80,2.64,"bless",1
120,"beso",8.43,1.06,7.71,1.64,6.16,2.45,"kiss",1
121,"bestia",2.80,2.05,6.88,1.91,2.87,2.01,"beast",1
122,"blanco",6.10,1.68,3.99,2.23,5.50,1.95,"white",1
123,"blasfemia",2.79,1.73,5.57,1.90,4.40,2.01,"blasphemy",1
124,"boda",6.87,1.78,5.91,1.99,5.64,2.06,"wedding",1
125,"bodega",5.23,1.80,4.54,1.91,5.18,1.80,"cellar",1
126,"bofetada",2.06,1.59,7.16,1.69,4.67,2.54,"slap",1
127,"bomba",1.42,1.02,7.79,1.87,2.22,2.25,"bomb",1
128,"bombilla",5.29,1.16,4.59,1.84,5.81,1.75,"lightbulb",1
129,"botella",5.10,1.49,4.68,1.85,5.44,1.87,"bottle",1
130,"boxeador",3.62,1.86,5.02,2.18,3.90,1.99,"boxer",1
131,"brazo",5.37,1.17,4.83,1.70,5.58,1.69,"arm",1
132,"brillante",7.03,1.49,5.74,1.84,5.61,1.98,"bright",1
133,"brío",5.78,2.14,5.77,2.24,5.32,2.08,"zest",1
134,"brisa",7.31,1.58,4.51,2.55,4.99,2.47,"breeze",1
135,"brutal",1.90,1.49,6.68,2.05,3.90,2.32,"brutal",1
136,"buceador",5.52,1.81,5.22,2.10,4.83,2.05,"diver",1
137,"bueno",7.92,1.20,4.87,2.64,6.53,1.96,"good",1
138,"búho",5.92,1.75,4.59,2.10,4.22,2.06,"owl",1
139,"bulto",3.10,1.69,5.29,2.19,3.71,1.89,"lump",1
140,"burla",2.20,1.35,6.21,2.15,3.94,2.12,"ridicule",1
141,"caballo",6.36,2.04,5.66,2.17,4.78,2.02,"horse",1
142,"cable",4.53,1.42,4.40,1.77,5.17,1.84,"cord",1
143,"cachorro",7.21,2.11,5.69,2.32,5.86,1.90,"puppy",1
144,"cadáver",1.41,0.75,6.87,2.18,2.54,1.85,"corpse",1
145,"caída",2.26,1.28,6.17,2.01,3.42,2.26,"fall",1
146,"calidad",6.78,1.73,5.02,1.88,5.68,1.92,"quality",1
147,"callado",4.03,1.87,3.57,1.90,4.76,2.18,"quiet",1
148,"calle",5.53,1.63,5.43,2.02,5.24,1.79,"street",1
149,"callejón",3.46,1.92,5.58,2.11,4.03,2.07,"alley",1
150,"calmar",6.60,1.85,3.56,2.31,5.80,1.97,"soothe",1
151,"calor",5.92,2.10,5.66,2.15,4.44,2.19,"warmth",1
152,"cama",7.71,1.42,4.57,2.96,6.02,2.44,"bed",1
153,"camión",4.67,1.37,4.56,1.71,4.87,1.62,"truck",1
154,"campeón",7.29,1.82,6.84,2.09,6.09,2.37,"champ",1
155,"campo",7.23,1.58,4.18,2.56,5.97,2.21,"field",1
156,"cáncer",1.23,0.91,6.18,2.85,1.91,1.84,"cancer",1
157,"canción",8.01,1.19,6.61,2.49,6.44,2.04,"song",1
158,"cansado",2.47,1.22,2.58,1.79,4.17,2.05,"weary",1
159,"cañón",2.74,1.65,6.04,2.09,3.51,2.22,"cannon",1
160,"caos",2.00,1.67,7.02,2.03,2.60,2.10,"chaos",1
161,"capaz",7.52,1.08,5.92,2.34,6.70,1.84,"capable",1
162,"capricho",5.92,2.28,6.21,1.72,5.42,2.23,"infatuation",1
163,"cara",6.02,1.54,5.11,1.73,5.03,1.99,"face",1
164,"caramelo",7.33,1.32,4.41,2.23,6.11,1.90,"candy",1
165,"cárcel",1.87,1.22,5.18,2.22,3.41,2.33,"jail",1
166,"caricia",8.27,0.92,6.04,2.82,6.68,1.81,"caress",1
167,"cariñoso",8.41,0.86,6.21,2.61,6.09,2.04,"cuddle",1
168,"carretera",5.00,1.95,5.60,1.84,4.82,1.99,"highway",1
169,"carro",4.53,1.42,4.18,1.70,5.26,1.67,"wagon",1
170,"carroña",2.08,1.48,5.09,2.01,4.52,1.89,"carcass",1
171,"carta",6.79,1.73,5.99,2.20,5.72,1.93,"letter",1
172,"casa",7.03,1.79,4.69,2.42,6.12,2.35,"house",1
173,"cascada",7.20,1.77,5.20,2.52,4.68,2.43,"waterfall",1
174,"casino",4.84,2.09,4.80,2.35,4.30,2.31,"casino",1
175,"casita",6.69,1.71,4.50,2.07,5.84,1.76,"cottage",1
176,"castigo",1.87,1.10,6.41,1.97,3.72,2.28,"punishment",1
177,"celos",2.27,1.56,6.87,2.33,3.10,2.11,"jealousy",1
178,"célula",4.91,1.65,4.39,1.85,4.37,2.02,"cell",1
179,"cementerio",2.06,1.62,5.01,2.59,3.19,2.48,"cemetery",1
180,"cena",6.58,1.79,5.14,2.20,5.81,2.02,"dinner",1
181,"cerdo",3.71,1.90,4.67,1.93,4.52,1.89,"pig",1
182,"césped",6.31,1.56,4.03,1.97,5.81,1.91,"lawn",1
183,"cesta",5.18,1.65,3.79,1.78,5.82,1.89,"basket",1
184,"chaleco",4.92,1.27,4.30,1.40,5.36,1.82,"vest",1
185,"champiñón",4.88,1.92,4.23,1.98,5.11,2.04,"mushroom",1
186,"chantaje",2.13,1.68,5.92,2.33,3.76,2.24,"blackmail",1
187,"chica",5.97,1.76,4.92,1.89,5.10,1.54,"girl",1
188,"chico",7.13,1.62,6.54,1.76,5.42,1.92,"boy",1
189,"chiflado",4.03,2.09,5.59,1.89,3.31,2.00,"madman",1
190,"chillido",2.78,1.75,6.78,1.92,4.58,2.15,"shriek",1
191,"chiste",7.20,1.52,5.97,2.16,5.59,2.16,"joke",1
192,"chocolate",7.72,1.54,6.10,2.33,5.84,2.41,"chocolate",1
193,"choque",2.01,1.14,6.93,1.89,3.14,1.99,"crash",1
194,"cicatriz",3.01,1.96,5.01,2.33,3.88,2.28,"scar",1
195,"ciclón",2.13,1.45,6.34,2.20,2.04,1.80,"cyclone",1
196,"ciego",2.41,1.80,5.21,1.91,3.24,2.06,"blind",1
197,"cielo",7.56,1.48,4.56,2.42,4.48,2.64,"heaven",1
198,"ciempiés",4.12,2.08,4.88,2.04,4.26,1.92,"roach",1
199,"cieno",3.77,1.57,4.51,1.44,4.22,1.60,"slime",1
200,"circo",6.20,1.82,5.56,2.13,4.72,2.05,"circus",1
201,"círculo",4.82,1.47,4.20,1.66,4.92,1.69,"circle",1
202,"cirugía",3.08,1.96,5.70,2.13,3.68,2.28,"surgery",1
203,"ciudad",5.66,1.67,5.97,1.67,4.56,2.02,"city",1
204,"cobarde",2.56,1.39,5.49,1.98,4.10,2.18,"coward",1
205,"coche",6.67,1.72,5.83,2.03,4.93,2.33,"car",1
206,"cocina",5.71,2.00,4.93,1.94,5.61,2.00,"cuisine",1
207,"cocinero",5.99,1.56,5.11,2.05,5.38,1.80,"cook",1
208,"codo",4.59,1.28,4.26,1.56,5.28,1.72,"elbow",1
209,"coito",7.26,2.20,7.58,1.78,6.07,2.35,"intercourse",1
210,"cólera",2.11,1.90,7.58,1.77,3.64,2.38,"rage",1
211,"color",6.77,1.76,5.84,2.11,5.52,2.11,"color",1
212,"columna",4.71,1.57,4.14,1.74,5.29,1.87,"column",1
213,"comedia",7.71,1.46,6.33,1.99,5.62,1.95,"comedy",1
214,"comer",7.18,1.48,5.53,1.94,5.82,1.94,"eat",1
215,"comida",6.77,1.70,5.50,2.06,5.09,1.98,"food",1
216,"comprometido",6.23,1.98,5.47,1.89,6.38,1.94,"engaged",1
217,"concentrado",6.12,1.75,5.21,2.09,6.23,2.02,"concentrate",1
218,"conejito",6.46,1.52,4.88,2.23,5.03,1.91,"bunny",1
219,"conejo",6.18,1.50,5.02,1.88,4.81,2.05,"rabbit",1
220,"confianza",7.78,1.43,5.29,2.54,5.77,2.04,"trust",1
221,"confort",8.04,1.27,3.56,2.42,6.63,1.59,"comfort",1
222,"confuso",2.78,1.44,5.78,1.94,3.28,1.88,"confused",1
223,"conocimiento",7.73,1.48,6.29,2.08,7.22,1.72,"knowledge",1
224,"considerado",6.99,1.62,4.77,1.98,5.07,2.20,"thoughtful",1
225,"consigna",4.79,1.53,4.69,1.48,4.89,1.53,"locker",1
226,"consolado",5.54,1.94,4.49,1.92,5.06,1.81,"consoled",1
227,"contaminar",1.58,1.13,6.56,1.85,4.60,2.57,"pollute",1
228,"contenido",5.21,1.80,4.27,2.15,4.63,1.99,"contents",1
229,"contexto",5.00,1.26,4.89,1.20,5.01,1.60,"context",1
230,"convencido",6.51,1.76,5.29,2.15,6.43,1.70,"confident",1
231,"corazón",6.64,1.86,6.22,1.99,4.84,2.23,"heart",1
232,"corcho",4.93,1.48,4.16,1.81,5.20,1.85,"cork",1
233,"cordero",5.38,1.65,4.74,1.44,5.06,1.57,"lamb",1
234,"corona",5.21,1.95,4.48,1.97,4.64,2.28,"crown",1
235,"corredor",4.08,2.02,5.50,2.23,4.22,2.32,"runner",1
236,"correo",6.43,1.72,5.54,1.97,4.76,1.93,"mail",1
237,"corrupto",2.08,1.46,6.14,2.03,3.38,2.41,"corrupt",1
238,"corte",2.88,1.63,6.00,2.10,3.90,1.75,"cut",1
239,"cortesía",6.92,1.33,4.80,1.92,5.76,1.83,"politeness",1
240,"cortina",4.79,1.24,4.08,1.55,5.22,1.89,"curtains",1
241,"costa",7.23,1.98,4.87,2.76,4.90,2.54,"coast",1
242,"costumbre",5.43,1.81,4.32,2.04,5.76,2.17,"custom",1
243,"cotilleo",4.19,2.24,5.72,1.99,4.64,2.40,"gossip",1
244,"cráneo",4.42,1.76,4.94,2.03,4.63,2.04,"skull",1
245,"crepe",6.88,1.77,5.24,1.92,5.53,2.02,"pancakes",1
246,"crepúsculo",6.32,2.14,4.02,2.19,4.38,2.38,"twilight",1
247,"criatura",5.93,2.15,5.39,2.01,4.73,2.00,"kids",1
248,"crimen",1.64,1.14,6.67,2.07,3.02,2.10,"crime",1
249,"criminal",1.77,1.38,6.81,2.13,2.97,1.93,"criminal",1
250,"crisis",1.88,1.31,6.41,2.04,2.94,1.78,"crisis",1
251,"crucificar",1.87,1.26,6.26,2.31,3.19,2.03,"crucify",1
252,"cruel",1.77,0.97,6.63,2.02,3.73,2.13,"cruel",1
253,"cuadrado",4.87,1.14,4.16,1.79,5.16,1.70,"square",1
254,"cucaracha",2.57,1.86,6.14,2.24,4.53,2.40,"cockroach",1
255,"cuchillo",2.86,1.72,5.68,2.18,4.64,2.28,"knife",1
256,"cuenco",5.01,1.31,3.89,1.72,5.34,2.17,"bowl",1
257,"cuerpo",6.02,1.75,5.59,1.74,5.53,2.05,"body",1
258,"culpa",2.09,1.89,6.46,2.01,3.62,2.24,"fault",1
259,"culpable",2.36,1.67,6.19,1.87,3.82,2.07,"guilty",1
260,"cumpleaños",7.54,1.58,6.74,1.85,5.74,2.10,"birthday",1
261,"cura",4.52,2.36,5.08,2.16,4.99,2.15,"priest",1
262,"curar",7.66,1.62,6.27,2.24,5.67,2.10,"heal",1
263,"curioso",5.62,2.05,6.07,1.82,5.08,2.00,"curious",1
264,"daga",3.66,2.11,5.84,2.02,4.63,2.26,"dagger",1
265,"daño",1.80,1.06,6.83,1.76,3.66,2.36,"damage",1
266,"débil",2.56,1.40,4.99,2.10,3.46,2.16,"feeble",1
267,"decorar",6.83,1.55,5.98,2.18,6.68,1.90,"decorate",1
268,"dedicado",6.51,1.61,5.34,1.77,6.03,1.78,"addicted",1
269,"dedo",4.86,1.36,4.06,2.14,5.47,2.28,"finger",1
270,"defendido",6.17,2.33,5.28,2.13,4.90,2.42,"sheltered",1
271,"deforme",2.23,1.45,5.22,1.94,3.00,1.74,"deformed",1
272,"deleite",7.23,1.72,5.73,2.27,5.41,1.82,"delight",1
273,"delicado",5.64,2.31,4.13,2.07,5.18,2.23,"gentle",1
274,"demente",2.27,1.59,5.63,2.06,3.16,2.12,"insane",1
275,"demonio",2.91,2.15,6.47,1.97,3.58,2.52,"demon",1
276,"dentista",3.00,1.74,6.42,2.18,3.69,2.39,"dentist",1
277,"deportes",6.56,1.87,6.60,1.88,6.23,2.03,"athletics",1
278,"depresión",1.56,1.12,4.88,2.96,3.04,2.49,"depression",1
279,"deprimido",1.50,1.03,4.19,2.67,2.86,2.23,"depressed",1
280,"desagrado",2.21,1.28,5.46,2.02,4.12,1.94,"displeased",1
281,"desanimado",2.16,1.50,3.29,2.19,3.42,1.94,"discouraged",1
282,"desastre",1.60,1.14,6.92,2.03,3.09,2.19,"disaster",1
283,"descanso",7.52,1.81,2.76,2.39,6.54,1.89,"vacation",1
284,"descomposición",1.94,1.57,4.99,2.11,2.87,1.87,"decompose",1
285,"desdén",3.08,1.84,5.00,2.10,3.77,1.64,"scorn",1
286,"desdeñoso",2.66,1.41,4.76,1.82,4.43,1.66,"scornful",1
287,"deseo",7.98,1.25,7.31,1.83,5.26,2.20,"wish",1
288,"desertor",3.38,1.95,5.08,1.90,3.81,1.95,"deserter",1
289,"desesperado",2.00,1.36,7.27,1.76,2.68,2.05,"despairing",1
290,"desleal",1.74,0.95,5.92,2.17,3.13,1.77,"disloyal",1
291,"deslumbramiento",4.38,1.95,6.02,1.97,3.80,1.95,"dazzle",1
292,"desnudo",5.48,2.21,6.43,1.85,5.30,2.01,"nude",1
293,"desordenado",3.33,1.45,5.44,2.01,4.78,2.02,"messy",1
294,"desperdicio",2.70,1.99,4.52,2.00,4.43,1.91,"waste",1
295,"despreciar",1.98,1.61,5.79,1.95,4.50,2.09,"despise",1
296,"despreocupado",5.07,2.69,4.00,2.23,4.67,2.42,"carefree",1
297,"destrucción",1.50,0.88,6.70,2.07,2.53,1.96,"destruction",1
298,"destruir",2.09,1.40,6.29,2.08,3.97,2.21,"destroy",1
299,"desventaja",2.34,1.45,5.37,2.05,3.43,1.85,"handicap",1
300,"detalle",6.33,1.88,5.62,2.09,5.31,2.04,"detail",1
301,"deuda",1.92,1.08,6.09,2.06,4.26,2.45,"debt",1
302,"devoto",4.22,2.06,4.16,1.90,4.76,2.23,"devoted",1
303,"diablo",2.70,1.74,6.17,1.79,3.49,2.24,"devil",1
304,"diamante",6.69,2.13,4.96,2.24,4.81,2.14,"diamond",1
305,"dicha",6.70,1.90,5.51,2.38,5.16,2.04,"bliss",1
306,"dificultar",2.21,1.44,6.21,1.96,4.22,2.19,"hinder",1
307,"digno",7.00,1.71,4.76,2.01,6.02,1.86,"dignified",1
308,"dinero",7.46,1.63,6.40,1.92,5.50,2.40,"money",1
309,"dios",5.59,2.20,4.29,2.39,4.00,2.80,"god",1
310,"diploma",7.46,1.93,6.10,2.20,6.01,1.99,"diploma",1
311,"disgustado",2.19,1.40,5.46,2.37,3.49,2.06,"upset",1
312,"distante",2.73,1.71,4.48,1.80,4.46,2.32,"aloof",1
313,"disturbio",2.57,2.00,6.64,1.83,3.31,2.23,"riot",1
314,"diversión",8.32,1.15,7.68,1.70,6.23,1.99,"fun",1
315,"divorcio",2.28,1.45,6.46,1.91,3.64,2.10,"divorce",1
316,"doctor",4.77,2.18,5.62,1.81,4.30,2.12,"doctor",1
317,"dólar",5.68,2.34,5.12,1.76,4.89,2.11,"dollar",1
318,"dolencia",1.83,1.19,5.69,2.36,2.74,1.84,"illness",1
319,"dolor",1.61,1.46,6.40,2.59,2.60,2.12,"pain",1
320,"dormir",7.79,1.67,2.51,2.43,5.78,2.51,"sleep",1
321,"duro",4.24,1.89,5.14,1.82,4.96,1.93,"hard",1
322,"edificio",4.97,1.25,4.48,1.55,5.12,1.78,"building",1
323,"educación",7.07,1.84,5.73,2.00,6.48,1.97,"education",1
324,"efectivo",6.80,1.46,5.40,2.07,6.04,1.85,"cash",1
325,"egoísta",2.12,1.17,6.04,1.79,4.18,2.04,"selfish",1
326,"ejecución",2.48,2.13,6.68,2.04,3.96,2.63,"execution",1
327,"ejercicio",5.70,1.99,6.33,1.97,6.26,1.87,"exercise",1
328,"ejército",2.49,1.74,5.79,2.26,3.19,2.09,"army",1
329,"electrodoméstico",5.10,1.28,4.02,1.62,5.32,1.91,"appliance",1
330,"elegante",7.23,1.50,5.03,2.11,6.11,2.19,"elegant",1
331,"empleo",6.34,2.18,5.76,2.09,5.21,2.20,"employment",1
332,"enamorado",8.33,1.20,7.32,2.31,4.56,2.84,"valentine",1
333,"encanto",7.68,1.31,5.86,2.27,5.86,1.74,"charm",1
334,"enérgico",7.16,1.50,6.88,1.87,5.56,2.24,"vigorous",1
335,"enfadado",2.20,1.19,6.61,2.22,3.84,2.20,"angry",1
336,"enfado",2.50,1.72,7.33,1.76,4.40,2.17,"anger",1
337,"enfermedad",1.51,0.93,6.10,2.61,2.44,1.90,"sickness",1
338,"enfermera",4.83,1.97,5.66,1.81,4.74,2.25,"nurse",1
339,"enfermo",1.61,0.86,4.50,2.62,3.01,1.98,"sick",1
340,"enfurecido",2.02,1.23,7.48,1.55,3.76,2.37,"enraged",1
341,"engaño",1.89,1.34,6.61,2.02,3.58,2.33,"deceit",1
342,"engreído",2.16,1.52,6.06,1.91,4.08,2.16,"disdainful",1
343,"ensalada",6.12,1.91,4.17,2.11,5.84,2.34,"salad",1
344,"entierro",1.36,1.04,6.32,2.59,2.40,1.82,"burial",1
345,"entrometido",2.72,1.69,6.07,1.65,4.09,1.96,"busybody",1
346,"entusiasmo",7.86,1.35,7.49,1.70,5.87,1.97,"excitement",1
347,"erótico",7.44,1.42,7.47,1.64,5.84,2.26,"erotic",1
348,"error",2.62,1.88,6.40,2.05,3.71,2.07,"mistake",1
349,"erudito",5.83,1.87,4.80,1.73,5.17,2.08,"scholar",1
350,"escándalo",3.47,1.87,6.32,1.79,3.63,1.86,"scandal",1
351,"escéptico",4.22,1.85,4.97,1.72,4.63,1.96,"skeptical",1
352,"esclavo",1.62,1.35,5.97,2.39,3.39,2.44,"slave",1
353,"esconder",3.63,1.73,5.28,1.82,4.43,2.08,"hide",1
354,"escopeta",2.32,1.73,6.33,2.07,4.16,2.56,"shotgun",1
355,"escorbuto",2.22,1.73,5.21,2.23,3.40,2.06,"scurvy",1
356,"escoria",1.87,1.54,5.53,2.17,4.22,2.30,"scum",1
357,"escorpión",2.86,1.96,7.13,2.02,3.16,2.01,"scorpion",1
358,"escritor",6.47,1.64,4.74,1.84,5.10,1.84,"writer",1
359,"esfera",5.27,1.62,4.24,1.71,4.84,1.80,"sphere",1
360,"espacio",6.30,1.74,5.14,2.09,4.66,2.14,"space",1
361,"espantoso",2.18,1.98,6.54,1.87,3.93,2.10,"dreadful",1
362,"esperanza",8.11,1.11,6.59,2.27,5.79,2.39,"hope",1
363,"esperanzado",7.41,1.33,6.24,2.21,5.69,1.95,"hopeful",1
364,"espina",2.64,1.74,5.80,2.00,4.28,2.04,"thorn",1
365,"espíritu",5.51,2.28,4.86,2.30,4.27,2.24,"spirit",1
366,"esposa",5.61,2.21,4.88,2.15,5.41,2.30,"wife",1
367,"esposo",6.03,2.24,5.50,1.97,5.41,2.00,"spouse",1
368,"espuma",6.47,1.87,4.84,2.29,5.66,1.89,"foam",1
369,"esquina",4.47,1.09,4.57,1.55,4.76,1.60,"corner",1
370,"estancado",2.63,1.60,4.57,2.47,3.84,2.22,"stagnant",1
371,"estatua",5.32,1.98,3.94,2.15,4.92,2.40,"statue",1
372,"estiércol",2.02,1.37,4.64,2.27,4.40,2.16,"manure",1
373,"estómago",4.39,1.58,4.73,1.59,4.63,1.90,"stomach",1
374,"estrella",7.52,1.44,4.60,2.58,4.48,2.59,"star",1
375,"estrés",1.83,1.06,7.32,2.00,3.13,2.17,"stress",1
376,"estufa",6.37,1.57,3.74,1.92,5.98,1.99,"stove",1
377,"estúpido",2.60,1.54,5.58,1.96,3.86,2.04,"stupid",1
378,"eufórico",6.80,1.98,7.53,1.65,4.62,2.44,"elated",1
379,"excelencia",6.01,2.06,5.39,1.65,5.08,1.86,"excellence",1
380,"excitado",6.50,2.15,7.89,1.55,4.60,2.31,"aroused",1
381,"excusa",3.14,1.69,6.11,1.71,5.06,2.16,"excuse",1
382,"éxito",7.69,1.79,6.83,2.16,5.79,2.33,"success",1
383,"exquisito",7.44,1.70,5.74,2.00,5.47,1.91,"luscious",1
384,"éxtasis",4.76,2.41,6.69,2.04,4.14,2.43,"ecstasy",1
385,"exterior",6.41,1.84,5.62,2.07,4.83,1.99,"outdoors",1
386,"extraordinario",7.37,1.69,6.12,1.85,5.09,2.56,"outstanding",1
387,"extraterrestre",4.66,1.88,5.87,1.75,3.52,2.23,"alien",1
388,"fácil",6.92,1.91,4.48,2.16,6.80,2.18,"easy",1
389,"falso",1.73,1.24,6.17,2.31,4.16,2.11,"false",1
390,"fama",5.46,2.26,6.18,1.91,4.34,2.44,"fame",1
391,"famélico",2.12,1.69,5.82,2.01,3.68,2.04,"starving",1
392,"familia",8.18,1.09,5.31,2.49,5.89,2.47,"family",1
393,"famoso",5.18,1.78,5.07,1.92,4.54,2.18,"famous",1
394,"fantasía",7.39,1.50,6.96,1.65,5.46,2.39,"fantasy",1
395,"faro",5.48,1.38,4.20,1.99,4.93,2.07,"lighthouse",1
396,"farol",4.93,1.87,4.47,1.95,5.17,2.02,"headlight",1
397,"fase",4.82,1.12,4.80,1.56,4.66,1.64,"phase",1
398,"fastidiar",2.26,1.51,5.90,2.31,4.77,2.41,"annoy",1
399,"fatigado",2.61,1.42,4.08,2.57,4.01,1.99,"fatigued",1
400,"favor",6.58,1.84,5.70,1.76,5.33,2.11,"favor",1
401,"feliz",8.37,1.48,6.97,2.74,6.44,2.39,"happy",1
402,"feo",3.08,1.81,4.16,2.19,3.88,2.11,"ugly",1
403,"festivo",7.97,1.20,6.47,2.46,5.36,2.52,"festive",1
404,"fétido",2.14,1.37,5.31,2.06,3.94,2.12,"foul",1
405,"fiebre",1.86,1.27,4.03,2.62,2.98,2.06,"fever",1
406,"fiesta",8.26,1.08,7.66,1.63,5.96,2.29,"party",1
407,"firmamento",7.79,1.53,4.80,2.74,4.14,2.80,"sky",1
408,"flemón",1.96,1.37,5.36,2.26,3.39,2.20,"toothache",1
409,"flexible",5.91,1.73,4.84,2.21,5.29,2.12,"limber",1
410,"flor",7.34,1.67,4.46,2.36,5.69,2.09,"flower",1
411,"fofo",3.01,1.60,4.02,1.97,4.49,2.06,"flabby",1
412,"folleto",4.79,1.22,4.33,1.66,5.38,1.97,"pamphlet",1
413,"follón",2.62,1.66,6.77,1.85,4.04,2.28,"stink",1
414,"fortuito",5.89,1.60,5.57,2.09,3.59,2.13,"haphazard",1
415,"fracaso",1.64,1.29,5.51,2.76,3.52,2.46,"failure",1
416,"fragancia",7.76,1.38,5.22,2.57,5.97,2.19,"fragrance",1
417,"fraude",1.86,1.23,5.82,2.08,3.29,2.16,"fraud",1
418,"frío",3.21,2.04,4.98,2.30,4.33,2.74,"cold",1
419,"frustrado",1.88,1.07,5.10,2.30,3.19,1.96,"frustrated",1
420,"fuego",5.00,2.42,6.51,2.20,3.97,2.34,"fire",1
421,"fuerte",6.30,1.67,5.88,2.07,5.32,2.53,"strong",1
422,"funeral",1.48,1.19,5.06,2.85,2.50,2.09,"funeral",1
423,"furcia",2.66,1.84,4.86,2.17,4.23,2.40,"whore",1
424,"fusil",2.08,1.27,6.41,1.93,3.26,2.16,"gun",1
425,"ganancias",7.58,1.67,6.34,2.16,5.30,2.25,"profit",1
426,"ganar",7.84,1.55,7.68,1.39,6.12,2.15,"win",1
427,"gangrena",1.68,1.53,6.62,2.21,2.82,2.21,"gangrene",1
428,"gatito",6.96,2.14,4.86,2.36,5.73,2.32,"kitten",1
429,"gato",6.13,2.14,4.94,2.27,5.14,2.33,"cat",1
430,"gélido",3.28,1.85,4.97,2.12,4.08,2.00,"frigid",1
431,"género",4.87,1.58,4.90,1.65,4.84,1.73,"gender",1
432,"generoso",7.57,1.42,5.53,2.06,5.67,2.25,"lavish",1
433,"genial",7.98,1.02,6.62,2.20,6.37,2.14,"terrific",1
434,"gente",6.53,1.64,6.24,1.88,4.57,1.90,"people",1
435,"gérmenes",1.78,1.14,6.26,1.83,3.42,2.24,"germs",1
436,"gimnasta",5.91,1.83,5.42,2.26,5.26,2.05,"gymnast",1
437,"glaciar",5.76,1.96,5.03,1.88,4.10,2.11,"glacier",1
438,"glamour",5.94,2.15,5.51,1.95,5.47,1.67,"glamour",1
439,"gloria",6.90,1.65,5.80,1.98,5.51,2.00,"glory",1
440,"goce",8.09,1.42,6.62,2.56,5.80,2.18,"enjoyment",1
441,"golfista",4.43,2.05,4.33,2.19,5.18,2.21,"golfer",1
442,"golpe",2.33,1.75,6.03,2.17,3.74,2.06,"hit",1
443,"gordo",3.56,1.71,4.89,2.11,4.84,2.05,"fat",1
444,"graduado",7.09,1.76,6.16,2.04,6.59,1.88,"graduate",1
445,"granada",3.42,2.67,6.61,2.03,3.87,2.53,"grenade",1
446,"granja",5.53,1.81,4.90,2.16,5.22,1.83,"farm",1
447,"grave",1.89,1.47,6.83,2.24,3.24,2.27,"severe",1
448,"grito",3.39,2.55,7.42,1.79,4.43,2.37,"scream",1
449,"grosero",2.22,1.37,5.99,2.14,4.30,2.26,"crude",1
450,"guapa",7.22,1.40,5.40,2.30,5.18,2.01,"pretty",1
451,"guapo",7.79,1.32,6.64,1.79,5.07,2.33,"handsome",1
452,"guardería",6.59,1.98,6.07,2.20,4.98,2.12,"nursery",1
453,"guerra",1.23,0.72,7.28,2.23,2.04,1.93,"war",1
454,"guillotina",1.87,1.36,6.13,2.51,3.17,2.56,"guillotine",1
455,"guiño",6.93,1.51,6.09,1.66,5.28,1.79,"wink",1
456,"gusano",2.99,1.73,5.07,2.09,4.60,2.32,"maggot",1
457,"habitante",5.91,1.60,4.61,1.94,5.19,1.84,"inhabitant",1
458,"hábito",4.84,1.75,4.33,2.11,5.87,2.37,"habit",1
459,"halcón",5.29,1.48,5.13,1.78,4.26,2.01,"hawk",1
460,"hambriento",3.12,2.03,6.29,2.01,3.56,2.08,"hungry",1
461,"hamburguesa",5.78,2.22,4.86,1.91,5.38,2.39,"hamburger",1
462,"harto",2.73,1.80,5.78,2.28,4.27,2.11,"blase",1
463,"hastío",2.46,1.61,4.00,2.22,3.61,2.02,"ennui",1
464,"hedor",1.91,1.56,5.62,2.39,3.81,2.35,"stench",1
465,"heno",5.00,1.61,3.97,1.82,5.24,2.02,"hay",1
466,"heridas",2.07,1.30,6.43,1.43,3.99,1.97,"wounds",1
467,"herido",1.98,1.34,6.73,1.86,3.31,1.77,"hurt",1
468,"hermano",7.81,1.47,5.08,2.52,5.86,2.23,"brother",1
469,"hermoso",7.61,1.56,5.44,2.67,5.13,2.38,"beautiful",1
470,"heroína",3.61,2.89,6.09,2.30,4.54,2.79,"heroin",1
471,"herramienta",4.58,1.47,4.51,1.92,5.43,1.96,"tool",1
472,"hervir",4.81,0.87,4.77,1.80,5.21,1.79,"scalding",1
473,"hierro",4.44,1.25,4.44,1.64,4.93,1.86,"iron",1
474,"historia",5.37,1.93,4.32,2.08,4.93,2.16,"history",1
475,"hogar",7.63,1.60,5.01,2.49,6.29,2.18,"home",1
476,"hombre",6.91,1.69,6.06,2.22,5.10,2.31,"man",1
477,"homicida",1.68,1.14,6.69,2.42,3.10,2.57,"murderer",1
478,"honesto",7.52,1.48,5.02,2.07,6.09,2.08,"honest",1
479,"hongo",2.91,2.03,4.90,2.33,4.00,1.97,"fungus",1
480,"honor",7.36,1.60,5.53,2.37,6.47,2.08,"honor",1
481,"hornear",5.47,1.53,4.71,1.78,5.54,1.89,"bake",1
482,"horquilla",5.11,1.54,4.21,1.76,5.71,1.96,"hairpin",1
483,"horror",1.68,1.24,6.89,2.26,2.81,2.03,"horror",1
484,"hospital",2.07,1.43,5.49,2.32,3.46,2.13,"hospital",1
485,"hostil",2.20,1.84,5.97,2.17,3.96,2.01,"hostile",1
486,"hotel",6.39,1.56,5.49,2.10,5.54,1.79,"hotel",1
487,"huevo",5.01,1.68,3.94,1.93,5.31,2.31,"egg",1
488,"humano",6.67,2.00,5.49,2.05,5.17,2.27,"humane",1
489,"humilde",6.59,2.17,4.16,2.23,5.64,2.32,"humble",1
490,"humillar",1.68,1.41,6.42,2.51,3.68,2.39,"humiliate",1
491,"humor",7.70,1.57,6.90,1.98,5.47,2.05,"humor",1
492,"huracán",2.28,1.54,7.16,1.95,2.63,2.06,"hurricane",1
493,"idea",7.36,1.50,6.62,2.13,6.46,2.05,"idea",1
494,"identidad",6.20,2.01,5.04,2.07,6.01,1.99,"identity",1
495,"idiota",2.56,1.52,5.11,2.34,4.73,2.18,"idiot",1
496,"ídolo",6.29,2.16,5.80,1.87,4.86,2.01,"idol",1
497,"iglesia",3.77,2.30,4.31,2.24,4.78,2.17,"church",1
498,"ignorancia",2.00,1.21,5.18,2.44,4.51,2.48,"ignorance",1
499,"imaginar",7.58,1.64,6.33,2.19,6.29,2.58,"imagine",1
500,"imparcial",4.68,2.05,4.83,2.07,4.84,1.95,"detached",1
501,"impotente",1.98,1.33,5.58,2.44,2.82,2.05,"impotent",1
502,"impresionado",6.09,1.63,6.69,1.74,4.20,2.06,"impressed",1
503,"incentivo",7.39,1.57,6.71,1.76,5.66,2.03,"incentive",1
504,"incomodidad",2.16,1.45,6.57,1.77,4.33,2.12,"discomfort",1
505,"incordio",2.29,1.40,5.83,2.24,4.26,2.03,"nuisance",1
506,"indefenso",1.89,1.35,5.71,2.33,2.83,2.10,"helpless",1
507,"indiferente",3.98,1.93,4.72,1.94,4.90,1.94,"indifferent",1
508,"industria",4.21,1.72,4.83,2.04,4.47,1.90,"industry",1
509,"infección",1.69,0.93,6.47,2.01,2.94,2.01,"infection",1
510,"infeliz",1.43,0.98,4.73,2.72,3.27,2.19,"unhappy",1
511,"inferior",2.50,1.70,4.86,2.14,4.01,2.40,"inferior",1
512,"infiel",1.70,1.05,6.81,1.95,4.13,2.50,"unfaithful",1
513,"infierno",2.47,2.17,5.40,2.63,3.46,2.27,"hell",1
514,"ingenio",7.34,1.58,6.28,1.90,5.70,2.21,"wit",1
515,"inmaduro",3.18,1.66,5.10,1.72,4.67,1.85,"immature",1
516,"inmoral",2.86,1.73,5.91,1.51,4.76,1.80,"immoral",1
517,"inocente",6.31,2.06,4.39,2.13,5.14,2.29,"innocent",1
518,"inquieto",4.47,1.73,6.83,1.64,4.23,1.85,"troubled",1
519,"insecto",3.24,1.72,5.57,2.10,4.13,2.34,"insect",1
520,"inseguro",2.18,1.65,6.29,2.10,2.72,2.08,"insecure",1
521,"insolente",2.44,1.56,5.82,2.09,4.17,2.02,"insolent",1
522,"inspirado",7.04,1.67,5.78,2.26,6.03,2.17,"inspired",1
523,"inspirar",7.17,1.49,5.14,2.52,5.46,2.30,"inspire",1
524,"insulto",2.33,1.60,6.30,1.84,4.17,1.95,"insult",1
525,"intelecto",6.56,1.50,5.16,2.04,6.47,1.70,"intellect",1
526,"interés",6.57,1.94,5.89,1.97,5.96,1.94,"interest",1
527,"íntimo",7.46,1.35,5.13,2.74,6.38,2.09,"intimate",1
528,"intruso",2.36,1.38,6.64,2.12,3.33,2.11,"intruder",1
529,"inundación",1.99,1.42,6.30,2.00,2.52,1.93,"flood",1
530,"inútil",2.09,1.45,5.19,2.24,4.00,2.25,"useless",1
531,"invasor",2.52,2.02,6.96,1.56,3.57,2.33,"invader",1
532,"invertir",5.27,1.57,5.63,2.12,5.09,2.31,"invest",1
533,"invitación",7.86,1.09,6.79,1.80,5.42,1.96,"treat",1
534,"jaqueca",1.58,1.37,4.38,2.65,2.62,1.88,"headache",1
535,"jardín",7.99,1.11,4.47,2.63,5.96,2.38,"garden",1
536,"jarra",4.81,1.27,4.17,1.70,5.83,1.97,"jug",1
537,"joven",7.71,1.33,6.60,1.98,4.93,2.56,"young",1
538,"jovial",7.23,1.15,5.59,2.14,5.70,2.14,"jolly",1
539,"joya",6.51,1.69,5.32,2.06,5.51,1.83,"jewel",1
540,"júbilo",7.61,1.33,6.92,1.86,5.68,1.88,"joy",1
541,"jubiloso",7.44,1.33,6.62,1.60,5.88,2.20,"joyful",1
542,"juego",6.94,1.67,6.72,1.25,5.62,2.08,"game",1
543,"juguete",6.72,1.82,5.06,2.38,6.13,2.15,"toy",1
544,"justicia",7.00,1.88,5.78,2.53,4.98,2.66,"justice",1
545,"juventud",7.82,1.48,6.60,2.17,4.49,2.52,"youth",1
546,"ketchup",4.76,2.15,4.39,2.00,5.30,2.30,"ketchup",1
547,"ladrón",1.93,1.53,6.98,2.13,3.41,2.35,"thief",1
548,"lago",7.19,1.28,4.33,2.37,5.02,2.16,"lake",1
549,"lámpara",5.42,1.37,4.24,1.82,6.01,1.91,"lamp",1
550,"lápiz",4.98,1.16,4.63,1.56,6.00,1.97,"pencil",1
551,"lástima",1.79,1.07,5.62,1.99,3.92,2.05,"pity",1
552,"lavabo",4.72,1.49,4.30,1.73,5.39,1.58,"bathroom",1
553,"leal",7.73,1.26,4.88,2.37,5.82,2.18,"loyal",1
554,"leche",5.83,2.27,4.07,2.16,5.92,2.18,"milk",1
555,"lento",3.71,1.89,4.27,2.36,4.81,2.05,"slow",1
556,"león",4.98,1.90,7.09,1.42,3.73,2.43,"lion",1
557,"lepra",1.42,1.02,6.91,1.91,2.88,2.12,"leprosy",1
558,"lesbiana",5.37,1.80,4.81,1.69,4.68,2.13,"lesbian",1
559,"lesión",1.92,1.21,5.69,2.20,3.54,2.08,"injury",1
560,"leyenda",6.70,1.70,5.66,2.05,4.57,2.25,"legend",1
561,"liberación",7.97,1.52,6.63,2.43,5.77,2.54,"liberty",1
562,"libertad",8.54,0.80,6.40,2.46,6.26,2.52,"freedom",1
563,"libre",8.28,1.23,6.38,2.91,7.01,2.03,"free",1
564,"libro",6.42,1.75,5.30,2.06,5.84,1.96,"book",1
565,"licenciado",7.56,1.61,6.31,2.13,6.20,2.30,"grass",1
566,"líder",5.47,2.26,6.16,1.62,5.33,2.30,"leader",1
567,"liga",5.38,1.76,5.06,2.31,4.78,1.85,"garter",1
568,"linterna",5.11,1.53,4.22,1.93,5.56,2.00,"lantern",1
569,"liso",5.40,1.35,4.51,1.76,5.20,1.73,"smooth",1
570,"litro",5.07,1.32,4.14,1.88,5.26,1.89,"quart",1
571,"llano",5.18,1.73,3.84,1.83,4.78,2.16,"plain",1
572,"llave",5.57,1.64,4.28,1.84,5.89,1.97,"key",1
573,"lloriqueo",2.22,1.34,5.96,1.93,4.07,1.91,"blubber",1
574,"lluvia",4.52,2.32,4.43,2.29,3.11,2.34,"rain",1
575,"loco",3.41,1.90,6.67,1.77,3.60,2.05,"mad",1
576,"logro",8.01,1.20,6.99,1.83,6.58,1.87,"achievement",1
577,"lotería",6.98,2.09,6.22,2.36,3.63,2.65,"lottery",1
578,"lucha",2.40,1.74,6.67,2.11,4.24,2.14,"fight",1
579,"lujo",6.51,2.13,5.57,1.91,4.66,2.31,"luxury",1
580,"lujuria",5.43,2.52,6.94,1.86,4.40,2.44,"lust",1
581,"madre",8.19,1.35,5.19,2.85,5.74,2.28,"mother",1
582,"maestro",5.50,1.50,4.98,1.55,4.82,1.74,"teacher",1
583,"magdalena",6.27,1.66,4.26,2.12,5.64,2.14,"muffin",1
584,"mágico",7.17,1.61,6.13,2.34,4.30,2.51,"magical",1
585,"magistral",6.34,2.01,5.67,2.24,5.72,2.24,"masterful",1
586,"malaria",1.81,1.65,6.40,1.96,2.83,2.06,"malaria",1
587,"maleducado",2.21,1.26,6.06,1.76,4.03,1.90,"rude",1
588,"maletero",4.21,1.76,4.19,2.04,4.70,2.19,"trunk",1
589,"malicia",2.08,1.46,6.02,2.32,3.70,2.25,"malice",1
590,"maltrato",1.39,1.16,7.39,2.13,2.64,1.97,"abuse",1
591,"malvado",1.80,1.11,6.46,1.93,4.07,2.07,"wicked",1
592,"manera",5.00,1.45,4.50,1.81,4.99,1.63,"manner",1
593,"manguera",5.26,1.36,4.62,1.68,5.42,1.76,"hydrant",1
594,"maníaco",1.88,1.23,6.84,1.91,3.00,2.05,"maniac",1
595,"maniquí",4.38,1.79,3.91,1.94,4.99,2.00,"dummy",1
596,"mano",6.04,1.36,5.10,2.28,6.09,2.04,"hand",1
597,"manosear",3.99,2.16,5.64,2.08,5.11,2.25,"tamper",1
598,"manso",5.90,1.94,3.51,2.09,5.21,2.26,"meek",1
599,"mantequilla",5.20,1.71,4.03,1.81,5.40,2.12,"butter",1
600,"máquina",4.44,1.54,4.83,1.67,5.42,1.74,"machine",1
601,"maquinilla",4.22,1.72,4.59,1.62,5.30,1.66,"razor",1
602,"maravilla",7.96,1.27,6.13,2.62,5.23,2.11,"wonder",1
603,"mareado",2.01,1.30,5.33,2.28,2.60,1.90,"seasick",1
604,"mariposa",6.74,1.76,4.60,2.16,5.31,2.32,"butterfly",1
605,"mariquita",5.80,1.93,4.60,2.05,5.17,2.18,"sissy",1
606,"martillo",4.38,1.49,4.92,1.83,5.48,1.90,"hammer",1
607,"masacre",1.32,1.21,7.01,2.65,1.92,1.94,"massacre",1
608,"mascota",7.33,1.83,5.58,2.44,5.84,2.20,"pet",1
609,"masturbarse",5.79,2.13,6.41,2.07,6.49,2.08,"masturbate",1
610,"matanza",1.66,1.62,7.70,1.70,2.39,2.03,"slaughter",1
611,"material",5.01,1.74,4.19,2.02,5.40,1.99,"material",1
612,"medicina",5.38,2.43,5.56,2.12,4.56,2.47,"medicine",1
613,"mejorar",7.46,1.22,6.41,2.08,6.69,1.82,"improve",1
614,"melodía",7.71,1.22,5.31,2.63,6.39,1.99,"melody",1
615,"memoria",6.41,1.82,5.14,1.94,5.26,2.20,"memory",1
616,"mendigo",2.92,1.59,5.60,1.84,3.69,1.95,"beggar",1
617,"menosprecio",1.72,1.54,5.80,2.43,3.50,2.33,"contempt",1
618,"mente",6.41,1.75,5.81,1.77,5.93,2.21,"mind",1
619,"mentira",1.88,1.57,6.51,2.23,4.32,2.61,"lie",1
620,"mentón",4.67,1.35,4.38,1.57,4.47,1.58,"chin",1
621,"mercado",5.41,1.75,4.98,2.13,5.07,1.92,"market",1
622,"mermelada",5.93,2.07,4.47,1.89,5.71,2.09,"jelly",1
623,"mes",5.03,1.14,4.61,1.80,4.60,1.91,"month",1
624,"mesa",4.80,1.26,4.21,1.71,5.13,1.68,"table",1
625,"metal",4.98,1.40,4.42,1.81,4.97,1.85,"metal",1
626,"método",5.07,1.54,4.68,1.80,4.76,1.68,"method",1
627,"miedoso",2.57,1.48,6.09,2.01,3.67,2.17,"afraid",1
628,"miel",5.46,2.19,4.06,2.16,5.66,2.20,"honey",1
629,"milagro",6.84,1.90,5.86,2.23,3.46,2.48,"miracle",1
630,"millonario",6.57,2.02,6.00,2.34,4.89,2.62,"millionaire",1
631,"miseria",1.47,1.22,5.57,2.70,3.10,2.19,"misery",1
632,"místico",5.64,1.86,4.98,1.90,4.87,1.90,"mystic",1
633,"modesto",6.31,1.85,4.24,1.94,5.86,1.84,"modest",1
634,"moho",2.61,1.84,4.87,2.29,4.33,2.27,"mildew",1
635,"molde",4.76,1.46,4.02,1.82,5.46,2.07,"mold",1
636,"molestar",2.33,1.32,6.37,1.57,4.02,2.15,"disturb",1
637,"molestia",2.17,1.31,6.00,1.73,3.82,1.80,"ache",1
638,"molino",5.36,1.42,4.22,1.85,4.61,1.95,"windmill",1
639,"momento",6.00,1.76,5.31,2.03,5.41,2.17,"moment",1
640,"moneda",6.01,1.83,5.72,1.81,5.64,1.98,"coin",1
641,"monja",3.79,1.81,3.64,1.86,4.79,2.00,"nun",1
642,"mono",5.29,2.15,5.10,1.95,4.49,1.76,"cute",1
643,"montaña",6.49,1.66,4.99,2.27,4.84,1.99,"mountain",1
644,"moral",6.12,1.80,5.31,1.80,6.09,1.78,"moral",1
645,"morboso",4.29,2.46,6.36,1.91,4.69,2.00,"morbid",1
646,"morgue",2.71,1.95,5.33,2.20,3.21,1.92,"morgue",1
647,"mosquito",2.54,1.54,5.84,2.14,4.28,2.52,"mosquito",1
648,"motor",4.83,1.45,4.91,2.04,4.63,1.84,"engine",1
649,"movilidad",7.16,1.75,6.23,2.37,6.14,2.10,"mobility",1
650,"mucosidad",2.58,1.51,4.69,1.86,4.08,1.84,"mucus",1
651,"mueca",5.20,1.66,5.11,1.47,5.29,1.76,"grin",1
652,"muerte",1.23,0.64,6.46,2.76,1.93,1.89,"death",1
653,"muerto",1.17,0.57,5.99,2.89,1.98,1.90,"dead",1
654,"mugre",1.93,1.45,5.21,2.41,5.04,2.37,"grime",1
655,"mujer",6.40,1.89,4.89,2.12,5.51,2.02,"woman",1
656,"muleta",2.87,1.74,4.50,1.95,4.24,2.07,"crutch",1
657,"multa",1.98,1.51,6.67,2.12,3.62,2.43,"penalty",1
658,"mundo",6.57,1.96,6.12,2.10,3.90,2.28,"world",1
659,"muñeca",6.24,1.78,4.48,1.93,5.79,2.18,"doll",1
660,"musculoso",5.04,1.94,4.89,1.81,5.22,2.13,"muscular",1
661,"museo",6.26,1.80,4.52,2.10,5.44,1.74,"museum",1
662,"música",8.16,1.24,6.62,2.56,6.61,2.31,"music",1
663,"mutación",3.27,1.94,5.24,2.32,3.00,2.02,"mutation",1
664,"nadador",5.92,1.57,5.40,1.88,5.04,1.79,"swimmer",1
665,"narcótico",2.92,2.22,5.71,2.34,4.32,2.59,"narcotic",1
666,"natural",7.17,1.71,4.26,2.52,5.19,2.35,"natural",1
667,"naturaleza",8.03,1.19,5.38,2.71,4.58,2.63,"nature",1
668,"navidad",6.69,2.23,6.10,2.29,5.09,2.43,"christmas",1
669,"néctar",6.10,1.81,4.60,1.86,5.28,1.90,"nectar",1
670,"negligencia",1.88,1.14,6.06,2.25,3.17,2.33,"neglect",1
671,"negro",4.87,2.48,4.47,2.23,4.81,2.30,"black",1
672,"nene",7.36,1.82,5.40,2.32,5.62,2.16,"infant",1
673,"nervioso",3.26,1.86,7.36,1.70,3.02,2.13,"nervous",1
674,"neurótico",2.57,1.48,6.51,1.84,3.94,2.22,"neurotic",1
675,"nevera",5.44,1.44,4.84,1.58,5.50,1.77,"icebox",1
676,"nieve",7.00,1.68,5.34,2.32,4.40,2.28,"snow",1
677,"niño",7.34,1.79,6.40,2.15,5.38,2.13,"child",1
678,"nombre",5.72,1.46,4.58,1.75,5.41,2.04,"name",1
679,"noticias",5.16,1.79,5.77,1.93,3.69,2.03,"news",1
680,"novia",6.63,2.04,5.79,2.25,5.04,2.08,"bride",1
681,"novio",7.49,2.14,6.70,2.41,5.13,2.17,"sweetheart",1
682,"nubes",6.37,2.26,4.21,2.21,3.51,2.51,"clouds",1
683,"nublado",3.27,2.02,3.61,2.09,3.00,2.03,"overcast",1
684,"nudo",3.96,1.69,4.76,1.96,5.19,1.82,"knot",1
685,"nutrir",6.30,1.70,5.12,1.85,5.91,1.92,"nourish",1
686,"obedecer",3.84,1.85,5.28,1.79,4.89,2.33,"obey",1
687,"obesidad",2.28,1.51,5.22,2.48,3.73,2.15,"obesity",1
688,"obsceno",2.51,1.52,5.79,2.00,4.12,1.91,"obscene",1
689,"obsequio",7.80,1.28,6.29,2.01,5.37,2.38,"gift",1
690,"obsesión",2.78,1.58,6.09,2.14,3.09,2.15,"obsession",1
691,"ocaso",6.39,2.63,4.54,2.59,4.19,2.60,"sunset",1
692,"océano",7.54,1.79,5.36,2.89,4.38,2.79,"ocean",1
693,"odiar",1.86,1.46,6.48,2.17,4.23,2.39,"hate",1
694,"odio",1.74,1.17,7.01,2.03,3.67,2.44,"hatred",1
695,"ofender",2.10,1.32,5.96,1.96,4.57,2.07,"offend",1
696,"oficina",4.09,1.71,4.64,2.05,5.08,2.19,"office",1
697,"olla",4.66,1.49,4.16,2.10,5.38,1.97,"kettle",1
698,"opción",6.08,1.96,5.70,2.00,5.94,2.01,"option",1
699,"opinión",6.34,1.72,5.69,1.94,5.71,2.11,"opinion",1
700,"oportunidad",7.91,1.30,7.07,2.08,5.31,2.05,"chance",1
701,"optimismo",8.31,0.93,6.38,2.56,6.33,2.08,"optimism",1
702,"ordenado",6.57,1.36,4.19,2.04,6.78,1.75,"tidy",1
703,"ordenador",5.50,1.89,5.06,1.80,5.27,1.99,"computer",1
704,"orgasmo",8.06,1.46,8.16,1.18,5.13,2.46,"orgasm",1
705,"orgullo",5.12,2.34,5.96,1.78,5.40,1.91,"pride",1
706,"orgulloso",5.53,2.36,5.80,1.99,5.82,2.11,"proud",1
707,"orina",2.82,2.02,4.64,2.06,5.29,2.28,"urine",1
708,"oro",6.68,2.15,5.76,1.95,5.04,2.36,"gold",1
709,"orquesta",6.24,1.95,5.26,2.36,4.64,2.09,"orchestra",1
710,"oscuro",3.71,2.13,5.06,2.40,4.04,2.12,"dark",1
711,"otoño",5.17,2.05,4.44,1.99,4.19,2.45,"autumn",1
712,"oxidado",3.11,1.73,3.97,1.87,4.34,2.29,"rusty",1
713,"paciente",4.36,2.29,4.88,2.04,4.78,2.27,"patient",1
714,"padre",7.00,2.27,4.86,2.05,4.94,2.27,"father",1
715,"pájaro",6.43,1.51,4.79,1.78,4.53,1.79,"bird",1
716,"palacio",6.91,1.46,5.03,2.10,5.00,2.13,"palace",1
717,"paloma",6.32,2.16,4.38,2.33,5.04,2.26,"dove",1
718,"pancarta",5.49,1.28,5.17,1.97,5.08,1.78,"banner",1
719,"pánico",1.53,0.93,7.72,1.82,2.43,1.99,"panic",1
720,"pantano",3.97,2.12,4.81,1.95,3.94,1.87,"swamp",1
721,"pañuelo",4.33,1.56,4.17,1.69,5.36,1.92,"kerchief",1
722,"papel",4.98,1.17,3.89,1.93,5.73,2.21,"paper",1
723,"paraguas",4.27,1.73,3.99,1.83,5.23,2.16,"umbrella",1
724,"paraíso",8.24,1.32,5.70,2.89,5.70,2.59,"paradise",1
725,"parálisis",1.33,0.81,5.16,2.73,2.16,2.04,"paralysis",1
726,"pareja",7.91,1.40,7.08,1.76,5.60,2.03,"couple",1
727,"parte",4.66,0.94,4.52,1.36,5.04,1.39,"part",1
728,"pasaje",5.23,1.41,4.92,1.67,4.74,1.87,"passage",1
729,"pasillo",4.37,1.46,4.47,1.82,4.74,2.29,"corridor",1
730,"pasión",7.84,1.35,7.96,1.17,4.96,2.52,"passion",1
731,"pasta",6.22,1.83,4.92,1.74,5.62,1.97,"pasta",1
732,"pastel",7.18,1.47,5.28,1.97,5.69,2.08,"pie",1
733,"patente",4.77,1.26,4.53,1.60,5.04,1.68,"patent",1
734,"patriota",4.91,2.16,5.52,1.72,5.33,2.03,"patriot",1
735,"pausado",5.19,1.74,3.23,2.04,5.33,2.04,"leisurely",1
736,"paz",8.11,1.62,3.49,2.76,5.71,2.52,"peace",1
737,"pecado",3.92,2.12,5.54,2.01,4.92,1.90,"sin",1
738,"pecaminoso",3.66,2.16,5.57,1.79,4.54,2.11,"sinful",1
739,"película",7.14,1.49,5.41,2.34,5.87,2.03,"movie",1
740,"peligro",2.02,1.61,7.56,1.71,2.93,2.03,"danger",1
741,"pellizco",3.17,1.92,5.89,1.76,4.20,1.94,"pinch",1
742,"pena",1.60,1.04,4.80,2.62,3.22,1.91,"grief",1
743,"pene",5.93,1.76,6.54,2.02,5.54,1.91,"penis",1
744,"penoso",2.13,1.64,5.31,2.24,3.88,2.08,"embarrassed",1
745,"pensamiento",5.91,1.91,5.51,1.76,5.56,2.17,"thought",1
746,"perdedor",2.10,1.27,5.33,2.23,3.72,2.09,"loser",1
747,"perdido",2.28,1.44,6.18,2.31,2.73,2.02,"lost",1
748,"perezoso",3.62,1.84,3.37,2.07,4.67,1.95,"lazy",1
749,"perfección",6.58,1.99,5.83,2.11,5.78,2.08,"perfection",1
750,"perfume",7.03,1.73,4.88,2.22,5.59,2.10,"perfume",1
751,"perro",6.50,2.03,5.83,2.15,5.08,2.07,"dog",1
752,"persona",6.89,1.58,5.27,2.21,5.58,2.01,"person",1
753,"perverso",2.59,1.88,6.12,1.56,3.90,1.99,"evil",1
754,"pervertido",1.96,1.52,6.54,1.96,3.42,2.13,"pervert",1
755,"pesadilla",1.80,1.53,7.31,2.03,2.30,1.97,"nightmare",1
756,"pesar",3.04,1.97,5.41,2.19,4.33,2.22,"bereavement",1
757,"pescado",5.70,2.10,4.63,1.78,5.09,2.06,"fish",1
758,"pesimismo",2.06,1.65,4.61,2.25,3.41,2.18,"gloom",1
759,"peste",1.53,1.38,6.20,2.50,3.01,2.24,"pest",1
760,"pezón",6.14,1.61,5.42,2.38,5.27,1.72,"nipple",1
761,"pie",4.67,1.75,4.58,2.00,5.19,2.37,"foot",1
762,"piel",6.19,1.73,4.90,2.21,5.23,2.17,"fur",1
763,"pieza",4.84,1.39,4.12,1.80,5.12,1.70,"item",1
764,"pinchazo",2.18,1.39,6.69,1.91,3.70,2.04,"prick",1
765,"pintura",6.20,1.82,5.20,2.19,5.64,1.87,"paint",1
766,"piojo",1.97,1.20,5.64,2.26,3.64,2.13,"louse",1
767,"piojos",1.90,1.23,6.32,2.10,3.46,2.16,"lice",1
768,"pirotecnia",5.06,2.28,6.48,2.02,3.79,2.15,"fireworks",1
769,"pistola",1.83,1.23,7.08,1.82,3.58,2.69,"pistol",1
770,"pitón",2.93,1.89,6.82,2.03,3.16,2.17,"python",1
771,"pizza",7.07,1.56,5.31,2.15,6.00,1.91,"pizza",1
772,"placer",8.48,1.13,7.57,1.99,5.69,2.58,"pleasure",1
773,"planta",6.46,1.74,3.80,2.12,5.28,2.21,"plant",1
774,"playa",8.07,1.26,5.93,2.67,6.28,2.13,"beach",1
775,"pleito",2.81,1.71,6.07,2.30,3.64,1.69,"lawsuit",1
776,"pobreza",1.54,1.15,5.89,2.19,3.07,2.22,"poverty",1
777,"poder",5.73,1.99,6.09,1.88,5.70,2.48,"power",1
778,"poderoso",5.37,2.39,5.40,2.16,5.53,2.56,"powerful",1
779,"podrido",1.91,1.23,5.16,2.23,4.17,2.16,"rotten",1
780,"poesía",7.23,1.72,5.60,2.32,5.36,2.23,"poetry",1
781,"ponzoña",3.39,1.99,4.37,1.84,4.16,1.98,"poison",1
782,"porquería",1.66,1.06,5.37,2.34,5.30,2.30,"garbage",1
783,"póster",5.49,1.42,4.63,1.53,4.96,1.60,"poster",1
784,"pradera",7.49,1.38,5.03,2.62,5.59,2.21,"prairie",1
785,"precipicio",2.60,1.87,6.91,2.14,3.28,2.19,"cliff",1
786,"predominante",4.70,1.83,5.14,1.82,4.96,1.81,"controlling",1
787,"prenda",5.88,1.67,4.54,1.90,5.43,2.03,"garment",1
788,"presión",2.70,1.79,7.08,1.92,4.07,2.34,"pressure",1
789,"prestigio",7.17,1.61,6.09,2.08,6.44,1.94,"prestige",1
790,"primavera",7.53,1.38,5.99,2.21,4.76,2.46,"spring",1
791,"prisión",1.98,1.30,5.56,2.64,3.56,2.49,"prison",1
792,"privacidad",6.08,2.15,4.88,2.28,6.11,2.22,"privacy",1
793,"problema",1.89,1.17,6.56,1.97,3.81,2.19,"trouble",1
794,"progreso",7.29,1.59,6.43,2.04,5.59,2.17,"progress",1
795,"promoción",5.89,1.76,5.58,1.90,5.29,1.47,"promotion",1
796,"protegido",6.69,1.89,4.01,2.38,6.10,2.42,"protected",1
797,"publicación",5.31,1.74,4.91,1.91,5.06,1.92,"journal",1
798,"pueblo",6.52,1.66,5.21,2.16,5.60,1.72,"village",1
799,"puerta",5.07,1.47,4.36,1.96,5.18,1.97,"door",1
800,"puntapié",3.24,1.76,5.83,1.74,4.49,2.09,"kick",1
801,"pus",1.70,1.15,5.91,2.08,3.83,2.15,"pus",1
802,"puta",3.24,2.13,5.46,2.45,4.11,2.27,"hooker",1
803,"putrefacto",1.64,1.03,5.36,2.23,3.94,2.30,"putrid",1
804,"queja",2.84,1.42,5.67,1.65,4.73,1.83,"gripe",1
805,"quemadura",1.76,1.14,6.83,1.93,3.54,2.32,"burn",1
806,"queroseno",3.19,1.85,5.04,1.88,4.00,2.05,"kerosene",1
807,"rabia",2.33,1.51,7.47,1.83,3.60,2.44,"rabies",1
808,"radiador",5.50,1.81,3.97,1.81,5.39,2.17,"radiator",1
809,"radiante",7.43,1.58,5.94,2.18,5.58,1.99,"radiant",1
810,"radio",6.29,1.74,5.52,2.02,5.87,1.90,"radio",1
811,"ramo",6.42,2.01,5.17,2.18,5.54,2.01,"bouquet",1
812,"rana",4.23,2.10,4.81,1.97,4.80,2.24,"frog",1
813,"rancio",2.41,1.69,4.72,2.05,4.66,2.03,"rancid",1
814,"rápido",5.71,1.57,6.30,2.32,5.26,2.24,"quick",1
815,"rapto",1.67,1.37,7.00,1.97,2.36,1.69,"abduction",1
816,"raro",4.24,1.74,4.99,1.66,4.11,1.52,"odd",1
817,"rascacielos",4.73,2.26,5.94,1.80,4.29,2.14,"skyscraper",1
818,"rata",2.67,1.82,6.32,1.90,3.78,2.03,"rat",1
819,"rebelde",4.56,1.99,6.14,1.76,4.13,2.11,"defiant",1
820,"recado",4.43,1.29,4.83,1.57,4.98,2.01,"errand",1
821,"rechazado",1.94,1.60,5.71,2.35,3.03,2.01,"rejected",1
822,"recogedor",4.22,1.62,4.28,1.71,5.41,2.02,"dustpan",1
823,"recompensa",7.60,1.27,6.36,2.19,5.76,1.97,"reward",1
824,"reconocido",6.11,1.59,5.02,2.06,5.40,1.81,"thankful",1
825,"recuerdos",6.96,1.88,5.69,2.33,5.80,2.55,"memories",1
826,"refrigerio",5.18,2.22,4.68,1.75,5.14,1.70,"refreshment",1
827,"regalo",7.91,1.37,6.63,2.33,5.13,2.34,"present",1
828,"rehén",1.74,1.37,6.39,2.35,2.58,1.95,"hostage",1
829,"reina",4.91,2.23,4.74,2.04,4.66,2.07,"queen",1
830,"relajado",7.53,1.90,2.86,2.36,6.19,2.28,"relaxed",1
831,"relámpago",3.98,2.17,6.57,2.03,2.86,2.34,"lightning",1
832,"reloj",4.96,2.02,4.72,2.01,5.29,2.37,"clock",1
833,"repisa",4.73,1.10,4.24,1.81,5.03,1.89,"mantel",1
834,"reptil",3.41,2.10,6.08,2.28,3.56,2.08,"reptile",1
835,"repugnante",1.78,1.63,5.82,2.19,3.73,2.21,"obnoxious",1
836,"rescate",7.27,1.97,7.00,1.98,4.71,2.23,"rescue",1
837,"resentirse",2.29,1.31,5.86,1.58,3.58,1.91,"resent",1
838,"reservado",4.50,1.93,3.91,1.94,5.04,2.05,"reserved",1
839,"respeto",7.27,1.51,4.74,2.48,6.10,2.29,"respect",1
840,"respetuoso",7.63,1.35,4.21,2.19,6.76,1.68,"respectful",1
841,"respuesta",5.79,1.61,5.52,1.99,5.64,2.00,"answer",1
842,"restaurante",6.72,1.38,5.71,1.89,5.87,1.72,"restaurant",1
843,"retrasado",2.84,1.84,5.11,2.17,3.28,1.97,"delayed",1
844,"reunión",5.62,2.16,5.90,1.74,5.20,1.94,"reunion",1
845,"revólver",2.13,1.61,7.01,1.91,3.69,2.43,"revolver",1
846,"revuelta",3.23,1.86,6.64,1.66,3.16,1.90,"revolt",1
847,"rey",4.98,1.85,4.36,1.92,4.34,2.20,"king",1
848,"rifle",1.92,1.29,6.26,2.45,3.24,2.16,"rifle",1
849,"rígido",3.39,1.80,4.89,2.07,4.51,2.17,"rigid",1
850,"riña",2.16,1.31,6.99,1.91,4.13,2.56,"quarrel",1
851,"río",7.03,1.49,4.62,2.32,4.58,2.37,"river",1
852,"riqueza",7.04,1.72,5.81,2.04,5.42,2.42,"riches",1
853,"risa",8.34,0.93,7.10,2.30,6.14,2.34,"laughter",1
854,"roca",4.92,1.37,3.90,1.93,5.28,2.09,"rock",1
855,"rojo",5.93,1.59,5.93,1.90,5.48,1.72,"red",1
856,"romántico",7.99,1.18,7.07,1.98,5.72,2.29,"romantic",1
857,"roña",1.94,1.28,5.38,2.10,5.39,2.52,"filth",1
858,"ropa",6.69,1.70,5.63,2.12,5.78,1.85,"clothing",1
859,"roto",3.02,1.51,5.46,1.64,3.93,1.86,"broken",1
860,"rubio",5.28,1.43,4.96,1.77,4.78,1.79,"blond",1
861,"ruidoso",2.63,1.38,6.93,1.92,3.62,1.95,"noisy",1
862,"sabio",7.14,1.47,5.17,2.17,5.67,2.18,"wise",1
863,"sabor",6.88,1.56,5.39,2.18,5.33,2.25,"taste",1
864,"salud",7.74,1.60,5.31,2.52,5.39,2.52,"health",1
865,"saludar",6.61,1.50,5.12,2.06,6.04,2.02,"greet",1
866,"saludo",6.86,1.55,5.60,2.01,6.42,1.91,"salute",1
867,"salvador",6.89,1.75,5.51,2.17,5.34,2.24,"savior",1
868,"sangriento",1.42,0.70,6.79,2.33,3.16,1.87,"bloody",1
869,"santo",4.87,2.01,3.56,1.91,4.19,2.14,"saint",1
870,"sarampión",1.84,1.20,4.96,2.38,2.72,2.01,"measles",1
871,"satisfecho",7.88,1.51,5.31,2.66,6.59,1.84,"satisfied",1
872,"secador",5.01,1.47,4.42,1.65,5.23,1.90,"hairdryer",1
873,"seda",6.73,1.72,4.00,2.09,5.40,1.94,"silk",1
874,"seguro",7.48,2.00,4.34,2.58,6.90,2.21,"safe",1
875,"seno",5.81,1.63,4.80,2.07,5.17,1.84,"breast",1
876,"sentimiento",7.36,1.70,6.79,2.10,4.33,2.33,"sentiment",1
877,"serio",3.80,1.84,4.04,1.77,4.73,1.88,"serious",1
878,"serpiente",3.07,1.95,6.74,2.05,3.54,2.08,"snake",1
879,"sexo",7.76,1.17,7.59,1.55,5.87,2.30,"sex",1
880,"sexy",7.33,1.68,7.07,1.61,5.80,1.88,"sexy",1
881,"sífilis",1.60,1.23,5.21,2.23,3.02,2.06,"syphilis",1
882,"silbato",4.21,1.50,5.81,2.01,4.84,1.70,"whistle",1
883,"silla",5.03,1.15,3.48,1.95,5.57,2.02,"chair",1
884,"simpático",7.94,1.42,6.62,2.10,6.38,1.67,"nice",1
885,"snob",3.14,1.85,5.12,1.80,4.81,2.12,"snob",1
886,"sociable",7.56,1.80,6.06,2.12,6.01,2.02,"social",1
887,"soga",2.01,1.52,5.83,2.37,3.22,2.18,"noose",1
888,"sol",7.90,1.31,5.69,2.73,5.41,2.66,"sun",1
889,"soleado",8.14,1.15,6.39,2.49,5.42,2.75,"sunlight",1
890,"soledad",2.50,1.78,4.67,2.62,3.78,2.22,"loneliness",1
891,"solemne",4.58,1.90,4.31,1.99,4.76,2.24,"solemn",1
892,"solitario",2.68,1.83,4.40,2.32,4.23,2.23,"lonely",1
893,"solo",2.76,1.74,3.61,2.33,4.58,2.58,"alone",1
894,"sombra",4.03,1.57,4.57,2.20,4.23,1.81,"shadow",1
895,"sombrero",4.87,1.36,4.11,1.83,5.46,2.03,"hat",1
896,"sonajero",6.06,1.79,4.96,2.04,5.74,2.37,"rattle",1
897,"sorprendido",6.29,1.96,6.87,1.89,3.76,2.37,"surprised",1
898,"soso",2.49,1.33,3.99,2.07,5.07,2.20,"bland",1
899,"sospechoso",3.07,1.45,6.46,1.47,3.71,1.96,"suspicious",1
900,"spray",4.17,1.82,4.78,1.75,5.10,2.06,"spray",1
901,"suave",7.04,1.44,4.29,2.38,5.32,2.16,"soft",1
902,"suburbio",2.50,1.48,5.32,2.26,3.18,1.85,"slum",1
903,"suciedad",1.98,1.12,5.61,2.06,5.48,2.30,"dirt",1
904,"sucio",1.91,1.06,5.62,1.99,5.50,2.27,"dirty",1
905,"sueño",6.60,2.10,3.63,2.44,4.10,2.45,"dream",1
906,"suicidio",1.24,0.62,6.80,2.44,4.01,2.93,"suicide",1
907,"sustento",5.49,1.75,4.98,1.87,5.01,1.78,"alimony",1
908,"tabaco",3.18,2.42,5.06,2.59,4.57,2.69,"tobacco",1
909,"tablero",4.80,1.46,4.71,1.75,5.21,2.03,"board",1
910,"taburete",4.79,1.50,3.59,1.89,5.44,2.38,"stool",1
911,"talento",7.44,1.84,5.84,2.18,5.83,2.28,"talent",1
912,"tanque",2.39,1.90,6.04,2.08,3.03,1.99,"tank",1
913,"tarta",7.26,1.58,5.26,2.15,5.53,1.90,"cake",1
914,"taxi",4.64,1.47,4.71,1.96,4.86,1.95,"taxi",1
915,"tela",5.11,1.13,4.24,1.55,5.58,1.77,"fabric",1
916,"temeroso",2.67,1.51,6.22,2.19,3.30,2.00,"fearful",1
917,"temor",1.96,1.09,6.90,1.74,2.77,1.77,"fear",1
918,"temperamental",4.27,1.85,6.14,2.01,4.24,2.17,"moody",1
919,"tenedor",4.80,1.51,4.43,1.74,5.56,2.02,"fork",1
920,"tenis",5.81,1.70,5.37,2.10,5.41,1.87,"tennis",1
921,"tenso",2.73,1.72,7.12,1.72,3.57,2.02,"tense",1
922,"teoría",4.59,1.87,4.67,1.91,4.81,1.96,"theory",1
923,"termita",3.40,1.67,5.04,1.95,4.74,1.89,"termite",1
924,"termómetro",4.28,1.70,4.49,1.66,4.87,1.83,"thermometer",1
925,"terrible",1.49,0.89,6.87,2.18,2.91,2.20,"terrible",1
926,"terrorista",1.51,1.21,7.33,2.14,2.28,2.13,"terrorist",1
927,"tesoro",7.27,1.68,6.39,1.88,5.37,2.07,"treasure",1
928,"tiburón",3.07,1.98,7.38,1.99,3.46,2.57,"shark",1
929,"tiempo",5.27,2.22,5.51,2.02,3.54,2.25,"time",1
930,"tierno",7.91,1.26,4.47,2.61,5.81,2.22,"tender",1
931,"tierra",5.63,1.81,4.64,1.91,4.93,1.92,"earth",1
932,"tieso",3.68,1.81,4.38,2.11,4.33,2.03,"stiff",1
933,"tijeras",4.18,1.45,5.00,1.60,5.01,2.10,"scissors",1
934,"tímido",4.17,1.79,4.24,2.28,4.07,2.23,"timid",1
935,"tinta",4.62,1.64,4.69,1.77,5.28,1.88,"ink",1
936,"tobillo",4.60,1.44,4.33,1.67,5.16,1.85,"ankle",1
937,"tobogán",6.54,1.76,6.42,1.93,5.40,2.12,"rollercoaster",1
938,"tolerante",7.66,1.34,4.72,2.09,6.20,2.05,"easygoing",1
939,"tonada",5.00,1.33,4.72,1.27,4.70,1.46,"tune",1
940,"tontería",4.19,2.05,5.36,1.91,5.12,1.86,"nonsense",1
941,"tonto",3.30,1.65,4.57,1.78,4.51,1.87,"silly",1
942,"tormenta",4.14,2.36,6.10,2.19,2.94,1.97,"storm",1
943,"tornado",2.24,1.62,6.94,2.29,2.17,1.68,"tornado",1
944,"torpe",3.09,1.38,5.26,1.80,3.98,1.93,"clumsy",1
945,"torre",5.16,1.75,4.54,1.89,4.52,2.00,"tower",1
946,"tortura",1.24,0.83,7.47,2.04,2.44,2.16,"torture",1
947,"tóxico",1.77,1.17,6.21,2.29,3.29,2.35,"toxic",1
948,"tragedia",1.64,1.15,7.24,1.94,2.52,1.70,"tragedy",1
949,"traicionar",1.58,0.95,6.57,2.34,3.96,2.51,"betray",1
950,"traidor",1.53,0.91,6.83,2.05,3.53,2.45,"traitor",1
951,"trampolín",5.69,1.69,5.90,1.99,5.43,1.99,"skijump",1
952,"tranquilo",6.86,1.91,2.36,2.04,5.61,2.72,"untroubled",1
953,"trauma",1.66,1.14,5.86,2.37,3.13,2.35,"trauma",1
954,"travesía",5.44,1.99,5.04,1.86,5.17,1.86,"voyage",1
955,"travesura",6.03,1.74,6.82,1.64,5.52,2.08,"mischief",1
956,"triste",2.00,1.79,4.33,2.52,3.59,2.19,"sad",1
957,"triunfante",7.51,1.81,6.72,1.93,5.59,2.19,"triumphant",1
958,"triunfo",7.89,1.56,7.03,2.05,5.96,2.26,"triumph",1
959,"trofeo",7.30,1.94,6.89,2.04,6.26,1.98,"trophy",1
960,"trompeta",5.19,1.79,5.70,2.06,4.81,2.19,"trumpet",1
961,"tumba",1.74,1.50,4.90,2.69,3.06,2.36,"tomb",1
962,"tumor",1.34,1.14,6.77,2.58,1.98,1.54,"tumor",1
963,"turbio",2.81,1.70,4.99,2.03,3.72,1.82,"muddy",1
964,"úlcera",1.70,1.25,5.71,2.16,2.51,1.96,"ulcer",1
965,"unidad",5.50,2.06,4.43,2.25,5.34,2.12,"unit",1
966,"utensilio",4.78,1.50,4.44,1.88,5.50,2.05,"utensil",1
967,"útil",7.24,1.71,5.96,2.14,6.20,2.06,"useful",1
968,"vaca",5.41,1.44,4.57,1.74,4.60,1.73,"cow",1
969,"vacación",8.52,0.90,6.18,2.94,6.37,2.34,"holiday",1
970,"vacilar",3.83,2.22,6.37,1.63,4.94,2.50,"tease",1
971,"vagina",5.00,1.87,4.82,2.22,5.02,2.13,"vagina",1
972,"valiente",7.49,1.36,6.46,2.01,6.37,1.97,"brave",1
973,"vampiro",3.49,2.26,6.26,1.91,3.82,2.35,"vampire",1
974,"vándalo",2.49,1.60,6.29,1.83,3.49,1.99,"vandal",1
975,"vanidad",2.83,2.13,5.49,1.92,4.41,2.12,"vanity",1
976,"vehículo",6.33,1.61,5.78,1.80,5.09,2.03,"vehicle",1
977,"velero",6.41,1.76,4.88,2.41,4.93,2.08,"sailboat",1
978,"veloz",5.99,1.53,6.72,1.74,5.22,1.95,"swift",1
979,"vencedor",7.39,1.37,6.77,1.72,5.66,2.04,"champion",1
980,"vencido",2.20,1.21,5.06,2.52,3.56,2.25,"defeated",1
981,"venda",4.14,1.76,4.72,1.73,4.84,1.98,"bandage",1
982,"veneno",1.67,1.17,6.93,2.12,3.62,2.58,"venom",1
983,"ventaja",6.90,1.51,5.60,2.03,5.36,1.84,"advantage",1
984,"ventana",5.88,1.75,4.88,1.84,5.58,1.78,"window",1
985,"verdad",7.78,1.78,5.72,2.47,6.36,2.13,"truth",1
986,"verde",6.43,1.75,4.72,2.18,5.48,2.46,"green",1
987,"vergonzoso",3.14,1.70,6.13,1.84,3.22,1.76,"shy",1
988,"vertedero",2.20,1.57,4.81,2.26,3.84,2.03,"dump",1
989,"vestido",6.32,1.35,5.32,1.84,6.16,1.84,"dress",1
990,"viajes",7.84,1.72,7.39,1.74,5.99,2.14,"travel",1
991,"víctima",1.74,1.36,6.37,2.02,2.74,1.80,"victim",1
992,"victimismo",2.48,1.62,5.90,2.01,4.16,2.27,"scapegoat",1
993,"victoria",7.93,1.37,7.19,2.09,6.47,2.22,"victory",1
994,"vida",8.07,1.54,6.59,2.27,5.32,2.27,"life",1
995,"vidrio",4.64,1.40,4.58,1.82,5.17,1.58,"glass",1
996,"vigilante",4.83,1.87,5.09,1.78,4.79,2.03,"watch",1
997,"vigoroso",5.99,1.58,5.62,1.65,5.54,1.56,"mighty",1
998,"vino",4.88,2.00,5.47,1.76,5.14,2.09,"wine",1
999,"violación",1.11,0.48,7.98,1.51,2.13,1.84,"rape",1
1000,"violento",1.69,1.00,7.06,1.74,3.58,2.31,"violent",1
1001,"violín",6.14,1.92,4.10,2.13,5.07,1.99,"violin",1
1002,"virgen",4.66,2.03,4.23,2.03,5.01,2.03,"virgin",1
1003,"virtud",7.27,1.38,5.10,2.17,5.47,2.09,"virtue",1
1004,"viruela",1.77,1.15,5.04,2.32,2.98,2.22,"smallpox",1
1005,"visión",6.82,1.95,5.28,2.00,5.21,2.31,"vision",1
1006,"vivo",8.07,1.31,6.54,2.13,6.53,2.19,"alive",1
1007,"volcán",3.52,2.02,6.63,2.07,2.58,2.26,"volcano",1
1008,"vómito",1.76,1.16,5.80,2.54,3.12,2.15,"vomit",1
1009,"yate",6.57,1.81,5.19,2.23,5.49,1.92,"yacht",1
1010,"zafiro",6.71,1.83,5.21,2.12,5.12,1.87,"sapphire",1
1011,"zurra",1.96,1.54,6.63,2.04,3.97,2.40,"spanking",1
1012,"acurrucarse",6.98,2.09,4.28,2.43,6.01,2.06,"snuggle",2
1013,"ahogarse",1.32,0.93,7.61,1.92,2.41,2.12,"drown",2
1014,"asfixiarse",1.48,1.07,7.80,1.68,2.33,1.88,"suffocate",2
1015,"decepcionar",1.57,1.25,6.01,2.48,3.64,2.51,"disappoint",2
1016,"despedazar",2.52,1.66,6.29,2.03,4.16,2.20,"mangle",2
1017,"desvestido",5.12,2.53,6.02,2.14,4.90,2.30,"naked",2
1018,"detestar",2.18,1.61,5.77,2.15,4.13,2.06,"detest",2
1019,"estremecerse",3.67,2.44,6.17,2.27,3.27,1.95,"thrill",2
1020,"fascinar",7.42,1.50,6.84,1.74,5.89,1.60,"fascinate",2
1021,"florecer",7.49,1.42,5.38,2.21,4.81,2.29,"blossom",2
1022,"irritar",1.93,1.14,6.34,2.25,4.14,1.99,"irritate",2
1023,"mutilar",1.36,0.94,7.01,2.28,2.93,2.17,"mutilate",2
1024,"sobrecogido",3.00,1.85,5.67,2.36,3.73,1.87,"awed",2
1025,"sobresaltado",4.01,1.87,7.59,1.70,3.27,2.01,"startled",2
1026,"adinerado",6.21,1.71,5.58,1.92,5.69,2.14,"wealthy",3
1027,"coqueto",5.79,1.69,5.13,1.77,5.30,1.84,"flirt",3
1028,"desenfadado",6.26,1.58,5.44,1.93,5.28,2.12,"nonchalant",3
1029,"lánguido",3.00,1.77,3.49,1.81,4.00,1.94,"listless",3
1030,"lóbrego",3.39,2.06,5.26,1.86,4.16,1.75,"dreary",3
1031,"pesaroso",2.86,1.76,4.24,1.94,4.00,1.77,"regretful",3
1032,"reverente",4.59,1.73,4.60,1.84,4.74,1.76,"reverent",3
1033,"tenue",5.23,1.99,3.79,1.95,5.20,2.09,"subdued",3
1034,"vívido",5.70,1.86,5.93,1.85,5.13,1.90,"lively",3
